sample_id,task_type,token_position,position_bin,tree_depth,node_id,parent_id,token_id,draft_prob,target_prob,acceptance_prob,target_entropy
he_HumanEval/0,code,0,0,1,0,-1,1678,0.96533203125,0.07843017578125,0.08124683864441072,0.40185546875
he_HumanEval/0,code,0,0,1,1,-1,13,0.03253173828125,0.89794921875,1.0,0.40185546875
he_HumanEval/0,code,0,0,1,2,-1,268,0.001750946044921875,0.0018167495727539062,1.0,0.40185546875
he_HumanEval/0,code,0,0,1,3,-1,2,6.580352783203125e-05,7.617473602294922e-05,1.0,0.40185546875
he_HumanEval/0,code,0,0,1,4,-1,259,2.7835369110107422e-05,3.4868717193603516e-05,1.0,0.40185546875
he_HumanEval/0,code,0,0,2,5,0,736,0.2174072265625,0.366455078125,1.0,1.2783203125
he_HumanEval/0,code,0,0,2,6,0,565,0.1470947265625,0.004795074462890625,0.032598547717842326,1.2783203125
he_HumanEval/0,code,0,0,2,7,0,363,0.10186767578125,0.048828125,0.4793289394847214,1.2783203125
he_HumanEval/0,code,0,0,2,8,0,396,0.095703125,0.0159759521484375,0.1669323979591837,1.2783203125
he_HumanEval/0,code,0,0,2,9,0,12705,0.047393798828125,1.9550323486328125e-05,0.00041250804893754023,1.2783203125
he_HumanEval/0,code,0,0,2,10,1,1678,0.97216796875,0.50341796875,0.5178302360622803,0.9169921875
he_HumanEval/0,code,0,0,2,11,1,13,0.0225067138671875,0.0031108856201171875,0.13822033898305086,0.9169921875
he_HumanEval/0,code,0,0,2,12,1,29937,0.0011749267578125,0.009735107421875,1.0,0.9169921875
he_HumanEval/0,code,0,0,2,13,1,1753,0.0008459091186523438,0.46533203125,1.0,0.9169921875
he_HumanEval/0,code,0,0,2,14,1,268,0.0005950927734375,0.0004343986511230469,0.7299679487179487,0.9169921875
he_HumanEval/0,code,0,0,2,15,2,13,0.900390625,0.796875,0.8850325379609545,1.099609375
he_HumanEval/0,code,0,0,2,16,2,299,0.041473388671875,0.005626678466796875,0.13566961000735836,1.099609375
he_HumanEval/0,code,0,0,2,17,2,396,0.035186767578125,0.002597808837890625,0.07382914137033825,1.099609375
he_HumanEval/0,code,0,0,2,18,2,736,0.0030994415283203125,0.015655517578125,1.0,1.099609375
he_HumanEval/0,code,0,0,2,19,2,1519,0.0025882720947265625,1.436471939086914e-05,0.005549926308032424,1.099609375
he_HumanEval/0,code,0,0,2,20,3,29871,0.998046875,0.0013217926025390625,0.001324379280821918,1.2646484375
he_HumanEval/0,code,0,0,2,21,3,529,0.0002046823501586914,1.1920928955078125e-07,0.0005824111822947001,1.2646484375
he_HumanEval/0,code,0,0,2,22,3,515,0.00012612342834472656,1.5139579772949219e-05,0.12003780718336483,1.2646484375
he_HumanEval/0,code,0,0,2,23,3,268,7.891654968261719e-05,0.0005640983581542969,1.0,1.2646484375
he_HumanEval/0,code,0,0,2,24,3,1053,5.054473876953125e-05,3.159046173095703e-06,0.0625,1.2646484375
he_HumanEval/0,code,0,0,2,25,4,736,0.448974609375,0.059051513671875,0.13152528548123982,0.36865234375
he_HumanEval/0,code,0,0,2,26,4,396,0.134765625,0.0035190582275390625,0.026112432065217392,0.36865234375
he_HumanEval/0,code,0,0,2,27,4,565,0.10015869140625,0.00010061264038085938,0.0010045322973796466,0.36865234375
he_HumanEval/0,code,0,0,2,28,4,363,0.0780029296875,4.8995018005371094e-05,0.0006281176643192488,0.36865234375
he_HumanEval/0,code,0,0,2,29,4,13,0.04046630859375,0.0028934478759765625,0.0715026395173454,0.36865234375
he_HumanEval/0,code,0,0,3,30,5,738,0.359375,0.998046875,1.0,0.01690673828125
he_HumanEval/0,code,0,0,3,31,5,599,0.2080078125,4.172325134277344e-07,2.005850205399061e-06,0.01690673828125
he_HumanEval/0,code,0,0,3,32,5,7431,0.10711669921875,0.0001983642578125,0.001851851851851852,0.01690673828125
he_HumanEval/0,code,0,0,3,33,5,4236,0.07476806640625,5.960464477539063e-08,7.971938775510204e-07,0.01690673828125
he_HumanEval/0,code,0,0,3,34,5,2533,0.0634765625,7.647275924682617e-05,0.0012047400841346154,0.01690673828125
he_HumanEval/0,code,0,0,3,35,6,7431,0.81494140625,0.984375,1.0,0.0963134765625
he_HumanEval/0,code,0,0,3,36,6,451,0.126953125,0.0118255615234375,0.09314903846153846,0.0963134765625
he_HumanEval/0,code,0,0,3,37,6,738,0.01446533203125,0.0007677078247070312,0.053072257383966245,0.0963134765625
he_HumanEval/0,code,0,0,3,38,6,599,0.01025390625,2.485513687133789e-05,0.0024239676339285715,0.0963134765625
he_HumanEval/0,code,0,0,3,39,6,16897,0.00786590576171875,0.0004341602325439453,0.055195198836081476,0.0963134765625
he_HumanEval/0,code,0,0,3,40,7,306,0.320556640625,2.384185791015625e-07,7.437642802741813e-07,1.23046875
he_HumanEval/0,code,0,0,3,41,7,954,0.1990966796875,0.31298828125,1.0,1.23046875
he_HumanEval/0,code,0,0,3,42,7,474,0.1295166015625,0.333251953125,1.0,1.23046875
he_HumanEval/0,code,0,0,3,43,7,302,0.09332275390625,0.0002853870391845703,0.003058064911706998,1.23046875
he_HumanEval/0,code,0,0,3,44,7,1353,0.061187744140625,0.328125,1.0,1.23046875
he_HumanEval/0,code,0,0,3,45,8,5399,0.064208984375,0.2197265625,1.0,4.76171875
he_HumanEval/0,code,0,0,3,46,8,1423,0.055328369140625,0.00995635986328125,0.1799503585217871,4.76171875
he_HumanEval/0,code,0,0,3,47,8,10987,0.05279541015625,0.041290283203125,0.7820809248554913,4.76171875
he_HumanEval/0,code,0,0,3,48,8,4803,0.0338134765625,0.02142333984375,0.6335740072202166,4.76171875
he_HumanEval/0,code,0,0,3,49,8,960,0.026763916015625,0.007343292236328125,0.2743728620296465,4.76171875
he_HumanEval/0,code,0,0,3,50,9,29918,0.9951171875,0.998046875,1.0,0.01371002197265625
he_HumanEval/0,code,0,0,3,51,9,353,0.004261016845703125,0.00164794921875,0.38675022381378693,0.01371002197265625
he_HumanEval/0,code,0,0,3,52,9,1761,0.00013911724090576172,2.980232238769531e-07,0.0021422450728363325,0.01371002197265625
he_HumanEval/0,code,0,0,3,53,9,29898,6.729364395141602e-05,0.0,0.0,0.01371002197265625
he_HumanEval/0,code,0,0,3,54,9,29896,5.40614128112793e-05,5.960464477539063e-08,0.0011025358324145535,0.01371002197265625
he_HumanEval/0,code,0,0,3,55,10,396,0.3173828125,0.00997161865234375,0.03141826923076923,0.485595703125
he_HumanEval/0,code,0,0,3,56,10,565,0.12139892578125,0.00537872314453125,0.04430618401206637,0.485595703125
he_HumanEval/0,code,0,0,3,57,10,736,0.08953857421875,0.06549072265625,0.7314246762099523,0.485595703125
he_HumanEval/0,code,0,0,3,58,10,363,0.064453125,0.0098114013671875,0.15222537878787878,0.485595703125
he_HumanEval/0,code,0,0,3,59,10,822,0.060089111328125,0.8974609375,1.0,0.485595703125
he_HumanEval/0,code,0,0,3,60,11,361,0.5048828125,0.002048492431640625,0.004057362185686654,0.810546875
he_HumanEval/0,code,0,0,3,61,11,1753,0.261962890625,0.7294921875,1.0,0.810546875
he_HumanEval/0,code,0,0,3,62,11,29937,0.10748291015625,0.008758544921875,0.0814877910278251,0.810546875
he_HumanEval/0,code,0,0,3,63,11,1990,0.057525634765625,0.0093231201171875,0.16206896551724137,0.810546875
he_HumanEval/0,code,1,0,1,0,-1,1678,0.97216796875,0.50341796875,0.5178302360622803,0.9169921875
he_HumanEval/0,code,1,0,1,1,-1,13,0.0225067138671875,0.0031108856201171875,0.13822033898305086,0.9169921875
he_HumanEval/0,code,1,0,1,2,-1,29937,0.0011749267578125,0.009735107421875,1.0,0.9169921875
he_HumanEval/0,code,1,0,1,3,-1,1753,0.0008459091186523438,0.46533203125,1.0,0.9169921875
he_HumanEval/0,code,1,0,1,4,-1,268,0.0005950927734375,0.0004343986511230469,0.7299679487179487,0.9169921875
he_HumanEval/0,code,1,0,2,5,0,396,0.3173828125,0.00997161865234375,0.03141826923076923,0.485595703125
he_HumanEval/0,code,1,0,2,6,0,565,0.12139892578125,0.00537872314453125,0.04430618401206637,0.485595703125
he_HumanEval/0,code,1,0,2,7,0,736,0.08953857421875,0.06549072265625,0.7314246762099523,0.485595703125
he_HumanEval/0,code,1,0,2,8,0,363,0.064453125,0.0098114013671875,0.15222537878787878,0.485595703125
he_HumanEval/0,code,1,0,2,9,0,822,0.060089111328125,0.8974609375,1.0,0.485595703125
he_HumanEval/0,code,1,0,2,10,1,361,0.5048828125,0.002048492431640625,0.004057362185686654,0.810546875
he_HumanEval/0,code,1,0,2,11,1,1753,0.261962890625,0.7294921875,1.0,0.810546875
he_HumanEval/0,code,1,0,2,12,1,29937,0.10748291015625,0.008758544921875,0.0814877910278251,0.810546875
he_HumanEval/0,code,1,0,2,13,1,1990,0.057525634765625,0.0093231201171875,0.16206896551724137,0.810546875
he_HumanEval/0,code,1,0,2,14,1,2158,0.01007843017578125,1.4126300811767578e-05,0.0014016370174110523,0.810546875
he_HumanEval/0,code,1,0,2,15,2,4321,0.103271484375,0.01430511474609375,0.1385195035460993,4.9453125
he_HumanEval/0,code,1,0,2,16,2,8741,0.05316162109375,0.008148193359375,0.15327210103329506,4.9453125
he_HumanEval/0,code,1,0,2,17,2,1243,0.028900146484375,0.0006585121154785156,0.022785770855332628,4.9453125
he_HumanEval/0,code,1,0,2,18,2,22402,0.028228759765625,0.054412841796875,1.0,4.9453125
he_HumanEval/0,code,1,0,2,19,2,1095,0.0211334228515625,0.0007176399230957031,0.03395758122743682,4.9453125
he_HumanEval/0,code,1,0,2,20,3,1667,0.291015625,0.01129913330078125,0.03882655201342282,1.091796875
he_HumanEval/0,code,1,0,2,21,3,679,0.1148681640625,0.011474609375,0.09989373007438895,1.091796875
he_HumanEval/0,code,1,0,2,22,3,1284,0.1070556640625,0.003997802734375,0.03734321550741163,1.091796875
he_HumanEval/0,code,1,0,2,23,3,338,0.053009033203125,0.0101318359375,0.1911341393206678,1.091796875
he_HumanEval/0,code,1,0,2,24,3,8147,0.0513916015625,0.002277374267578125,0.04431413301662708,1.091796875
he_HumanEval/0,code,1,0,2,25,4,13,0.71630859375,0.1124267578125,0.15695296523517382,2.484375
he_HumanEval/0,code,1,0,2,26,4,396,0.12841796875,0.009674072265625,0.07533269961977186,2.484375
he_HumanEval/0,code,1,0,2,27,4,299,0.11328125,0.031463623046875,0.2777478448275862,2.484375
he_HumanEval/0,code,1,0,2,28,4,1519,0.005016326904296875,8.52346420288086e-06,0.0016991444866920151,2.484375
he_HumanEval/0,code,1,0,2,29,4,736,0.002948760986328125,0.035400390625,1.0,2.484375
he_HumanEval/0,code,1,0,3,30,5,5399,0.06512451171875,0.25732421875,1.0,4.65625
he_HumanEval/0,code,1,0,3,31,5,1423,0.050323486328125,0.016571044921875,0.3292904790782292,4.65625
he_HumanEval/0,code,1,0,3,32,5,10987,0.04803466796875,0.02508544921875,0.5222363405336722,4.65625
he_HumanEval/0,code,1,0,3,33,5,20025,0.037109375,0.024688720703125,0.665296052631579,4.65625
he_HumanEval/0,code,1,0,3,34,5,960,0.03350830078125,0.0106201171875,0.31693989071038253,4.65625
he_HumanEval/0,code,1,0,3,35,6,7431,0.79052734375,0.96337890625,1.0,0.213623046875
he_HumanEval/0,code,1,0,3,36,6,451,0.16064453125,0.01270294189453125,0.07907484802431611,0.213623046875
he_HumanEval/0,code,1,0,3,37,6,738,0.01277923583984375,0.01374053955078125,1.0,0.213623046875
he_HumanEval/0,code,1,0,3,38,6,16897,0.006999969482421875,0.0008444786071777344,0.12064032697547684,0.213623046875
he_HumanEval/0,code,1,0,3,39,6,599,0.006130218505859375,0.0002574920654296875,0.04200373366521468,0.213623046875
he_HumanEval/0,code,1,0,3,40,7,738,0.346435546875,0.99755859375,1.0,0.0193328857421875
he_HumanEval/0,code,1,0,3,41,7,599,0.2052001953125,1.6093254089355469e-06,7.842708953004164e-06,0.0193328857421875
he_HumanEval/0,code,1,0,3,42,7,7431,0.1090087890625,0.0002448558807373047,0.0022462031075027996,0.0193328857421875
he_HumanEval/0,code,1,0,3,43,7,4236,0.061126708984375,5.960464477539063e-08,9.75099850224663e-07,0.0193328857421875
he_HumanEval/0,code,1,0,3,44,7,2533,0.057891845703125,6.693601608276367e-05,0.0011562252899314708,0.0193328857421875
he_HumanEval/0,code,1,0,3,45,8,306,0.341796875,2.980232238769531e-07,8.719308035714285e-07,1.1240234375
he_HumanEval/0,code,1,0,3,46,8,954,0.1917724609375,0.346435546875,1.0,1.1240234375
he_HumanEval/0,code,1,0,3,47,8,474,0.125732421875,0.1796875,1.0,1.1240234375
he_HumanEval/0,code,1,0,3,48,8,302,0.08575439453125,0.00023114681243896484,0.002695451512455516,1.1240234375
he_HumanEval/0,code,1,0,3,49,8,1353,0.05938720703125,0.458984375,1.0,1.1240234375
he_HumanEval/0,code,1,0,3,50,9,338,0.158203125,0.0251617431640625,0.15904706790123457,2.462890625
he_HumanEval/0,code,1,0,3,51,9,679,0.1270751953125,0.049652099609375,0.39073006724303555,2.462890625
he_HumanEval/0,code,1,0,3,52,9,3802,0.12127685546875,0.0159912109375,0.1318570709612481,2.462890625
he_HumanEval/0,code,1,0,3,53,9,903,0.0802001953125,0.268310546875,1.0,2.462890625
he_HumanEval/0,code,1,0,3,54,9,5418,0.0753173828125,0.062286376953125,0.8269854132901134,2.462890625
he_HumanEval/0,code,1,0,3,55,10,4770,0.9990234375,0.9970703125,0.9980449657869013,0.0272216796875
he_HumanEval/0,code,1,0,3,56,10,756,0.00018656253814697266,0.0002390146255493164,1.0,0.0272216796875
he_HumanEval/0,code,1,0,3,57,10,1667,8.213520050048828e-05,1.1920928955078125e-06,0.01451378809869376,0.0272216796875
he_HumanEval/0,code,1,0,3,58,10,1649,7.718801498413086e-05,3.159046173095703e-05,0.4092664092664093,0.0272216796875
he_HumanEval/0,code,1,0,3,59,10,7431,6.812810897827148e-05,0.0002263784408569336,1.0,0.0272216796875
he_HumanEval/0,code,1,0,3,60,11,1667,0.193115234375,0.01554107666015625,0.08047566371681415,1.423828125
he_HumanEval/0,code,1,0,3,61,11,1284,0.127685546875,0.00580596923828125,0.0454708413001912,1.423828125
he_HumanEval/0,code,1,0,3,62,11,679,0.10833740234375,0.021575927734375,0.19915492957746478,1.423828125
he_HumanEval/0,code,1,0,3,63,11,338,0.07330322265625,0.0159149169921875,0.21711074104912573,1.423828125
he_HumanEval/0,code,2,0,1,0,-1,396,0.3173828125,0.00997161865234375,0.03141826923076923,0.485595703125
he_HumanEval/0,code,2,0,1,1,-1,565,0.12139892578125,0.00537872314453125,0.04430618401206637,0.485595703125
he_HumanEval/0,code,2,0,1,2,-1,736,0.08953857421875,0.06549072265625,0.7314246762099523,0.485595703125
he_HumanEval/0,code,2,0,1,3,-1,363,0.064453125,0.0098114013671875,0.15222537878787878,0.485595703125
he_HumanEval/0,code,2,0,1,4,-1,822,0.060089111328125,0.8974609375,1.0,0.485595703125
he_HumanEval/0,code,2,0,2,5,0,5399,0.06512451171875,0.25732421875,1.0,4.65625
he_HumanEval/0,code,2,0,2,6,0,1423,0.050323486328125,0.016571044921875,0.3292904790782292,4.65625
he_HumanEval/0,code,2,0,2,7,0,10987,0.04803466796875,0.02508544921875,0.5222363405336722,4.65625
he_HumanEval/0,code,2,0,2,8,0,20025,0.037109375,0.024688720703125,0.665296052631579,4.65625
he_HumanEval/0,code,2,0,2,9,0,960,0.03350830078125,0.0106201171875,0.31693989071038253,4.65625
he_HumanEval/0,code,2,0,2,10,1,7431,0.79052734375,0.96337890625,1.0,0.213623046875
he_HumanEval/0,code,2,0,2,11,1,451,0.16064453125,0.01270294189453125,0.07907484802431611,0.213623046875
he_HumanEval/0,code,2,0,2,12,1,738,0.01277923583984375,0.01374053955078125,1.0,0.213623046875
he_HumanEval/0,code,2,0,2,13,1,16897,0.006999969482421875,0.0008444786071777344,0.12064032697547684,0.213623046875
he_HumanEval/0,code,2,0,2,14,1,599,0.006130218505859375,0.0002574920654296875,0.04200373366521468,0.213623046875
he_HumanEval/0,code,2,0,2,15,2,738,0.346435546875,0.99755859375,1.0,0.0193328857421875
he_HumanEval/0,code,2,0,2,16,2,599,0.2052001953125,1.6093254089355469e-06,7.842708953004164e-06,0.0193328857421875
he_HumanEval/0,code,2,0,2,17,2,7431,0.1090087890625,0.0002448558807373047,0.0022462031075027996,0.0193328857421875
he_HumanEval/0,code,2,0,2,18,2,4236,0.061126708984375,5.960464477539063e-08,9.75099850224663e-07,0.0193328857421875
he_HumanEval/0,code,2,0,2,19,2,2533,0.057891845703125,6.693601608276367e-05,0.0011562252899314708,0.0193328857421875
he_HumanEval/0,code,2,0,2,20,3,306,0.341796875,2.980232238769531e-07,8.719308035714285e-07,1.1240234375
he_HumanEval/0,code,2,0,2,21,3,954,0.1917724609375,0.346435546875,1.0,1.1240234375
he_HumanEval/0,code,2,0,2,22,3,474,0.125732421875,0.1796875,1.0,1.1240234375
he_HumanEval/0,code,2,0,2,23,3,302,0.08575439453125,0.00023114681243896484,0.002695451512455516,1.1240234375
he_HumanEval/0,code,2,0,2,24,3,1353,0.05938720703125,0.458984375,1.0,1.1240234375
he_HumanEval/0,code,2,0,2,25,4,338,0.158203125,0.0251617431640625,0.15904706790123457,2.462890625
he_HumanEval/0,code,2,0,2,26,4,679,0.1270751953125,0.049652099609375,0.39073006724303555,2.462890625
he_HumanEval/0,code,2,0,2,27,4,3802,0.12127685546875,0.0159912109375,0.1318570709612481,2.462890625
he_HumanEval/0,code,2,0,2,28,4,903,0.0802001953125,0.268310546875,1.0,2.462890625
he_HumanEval/0,code,2,0,2,29,4,5418,0.0753173828125,0.062286376953125,0.8269854132901134,2.462890625
he_HumanEval/0,code,2,0,3,30,5,565,0.71630859375,0.90087890625,1.0,0.483154296875
he_HumanEval/0,code,2,0,3,31,5,363,0.116943359375,0.06329345703125,0.541231732776618,0.483154296875
he_HumanEval/0,code,2,0,3,32,5,393,0.04302978515625,0.00144195556640625,0.03351063829787234,0.483154296875
he_HumanEval/0,code,2,0,3,33,5,292,0.0192413330078125,0.004306793212890625,0.2238302934179223,0.483154296875
he_HumanEval/0,code,2,0,3,34,5,1269,0.017120361328125,0.003711700439453125,0.21680035650623886,0.483154296875
he_HumanEval/0,code,2,0,3,35,6,565,0.71630859375,0.86572265625,1.0,0.62353515625
he_HumanEval/0,code,2,0,3,36,6,363,0.1263427734375,0.0843505859375,0.6676328502415458,0.62353515625
he_HumanEval/0,code,2,0,3,37,6,393,0.04833984375,0.0005216598510742188,0.010791508838383838,0.62353515625
he_HumanEval/0,code,2,0,3,38,6,1269,0.0159454345703125,0.00479888916015625,0.3009569377990431,0.62353515625
he_HumanEval/0,code,2,0,3,39,6,599,0.0099029541015625,0.0036792755126953125,0.37153312788906007,0.62353515625
he_HumanEval/0,code,2,0,3,40,7,278,0.3994140625,0.67919921875,1.0,1.2412109375
he_HumanEval/0,code,2,0,3,41,7,16285,0.08306884765625,0.0110626220703125,0.13317413666421749,1.2412109375
he_HumanEval/0,code,2,0,3,42,7,9212,0.059844970703125,0.0003314018249511719,0.0055376721060683325,1.2412109375
he_HumanEval/0,code,2,0,3,43,7,599,0.048065185546875,0.1025390625,1.0,1.2412109375
he_HumanEval/0,code,2,0,3,44,7,2380,0.036285400390625,0.0008802413940429688,0.02425883095037847,1.2412109375
he_HumanEval/0,code,2,0,3,45,8,278,0.56689453125,0.9541015625,1.0,0.242431640625
he_HumanEval/0,code,2,0,3,46,8,3694,0.1729736328125,0.005764007568359375,0.03332304163726182,0.242431640625
he_HumanEval/0,code,2,0,3,47,8,1051,0.07440185546875,0.031646728515625,0.4253486464315012,0.242431640625
he_HumanEval/0,code,2,0,3,48,8,297,0.06512451171875,4.76837158203125e-06,7.321930646672914e-05,0.242431640625
he_HumanEval/0,code,2,0,3,49,8,1409,0.018524169921875,2.4080276489257812e-05,0.0012999382207578253,0.242431640625
he_HumanEval/0,code,2,0,3,50,9,278,0.1875,0.419189453125,1.0,1.3486328125
he_HumanEval/0,code,2,0,3,51,9,591,0.1102294921875,0.005794525146484375,0.052567829457364344,1.3486328125
he_HumanEval/0,code,2,0,3,52,9,727,0.09356689453125,0.42578125,1.0,1.3486328125
he_HumanEval/0,code,2,0,3,53,9,738,0.08587646484375,0.073974609375,0.8614072494669509,1.3486328125
he_HumanEval/0,code,2,0,3,54,9,694,0.0673828125,0.00417327880859375,0.0619338768115942,1.3486328125
he_HumanEval/0,code,2,0,3,55,10,29898,0.99755859375,1.0,1.0,1.919269561767578e-05
he_HumanEval/0,code,2,0,3,56,10,4197,0.001926422119140625,2.384185791015625e-07,0.00012376237623762376,1.919269561767578e-05
he_HumanEval/0,code,2,0,3,57,10,3319,0.00013208389282226562,0.0,0.0,1.919269561767578e-05
he_HumanEval/0,code,2,0,3,58,10,7373,0.00010532140731811523,0.0,0.0,1.919269561767578e-05
he_HumanEval/0,code,2,0,3,59,10,703,1.8894672393798828e-05,0.0,0.0,1.919269561767578e-05
he_HumanEval/0,code,2,0,3,60,11,338,0.4501953125,0.693359375,1.0,0.78955078125
he_HumanEval/0,code,2,0,3,61,11,3694,0.409912109375,0.271484375,0.6622989874925551,0.78955078125
he_HumanEval/0,code,2,0,3,62,11,7431,0.0321044921875,0.0190582275390625,0.5936311787072244,0.78955078125
he_HumanEval/0,code,2,0,3,63,11,313,0.0238494873046875,0.0007390975952148438,0.030990083173384517,0.78955078125
he_HumanEval/0,code,3,0,1,0,-1,338,0.158203125,0.0251617431640625,0.15904706790123457,2.462890625
he_HumanEval/0,code,3,0,1,1,-1,679,0.1270751953125,0.049652099609375,0.39073006724303555,2.462890625
he_HumanEval/0,code,3,0,1,2,-1,3802,0.12127685546875,0.0159912109375,0.1318570709612481,2.462890625
he_HumanEval/0,code,3,0,1,3,-1,903,0.0802001953125,0.268310546875,1.0,2.462890625
he_HumanEval/0,code,3,0,1,4,-1,5418,0.0753173828125,0.062286376953125,0.8269854132901134,2.462890625
he_HumanEval/0,code,3,0,2,5,0,29918,0.998046875,0.9951171875,0.99706457925636,0.038604736328125
he_HumanEval/0,code,3,0,2,6,0,5358,0.0013551712036132812,0.00324249267578125,1.0,0.038604736328125
he_HumanEval/0,code,3,0,2,7,0,11123,0.0002300739288330078,0.0003261566162109375,1.0,0.038604736328125
he_HumanEval/0,code,3,0,2,8,0,262,4.4286251068115234e-05,9.179115295410156e-06,0.2072678331090175,0.038604736328125
he_HumanEval/0,code,3,0,2,9,0,11291,1.9311904907226562e-05,0.0001589059829711914,1.0,0.038604736328125
he_HumanEval/0,code,3,0,2,10,1,29918,0.9990234375,1.0,1.0,0.0004372596740722656
he_HumanEval/0,code,3,0,2,11,1,11291,6.973743438720703e-05,4.470348358154297e-06,0.0641025641025641,0.0004372596740722656
he_HumanEval/0,code,3,0,2,12,1,29907,6.008148193359375e-05,1.3113021850585938e-06,0.021825396825396824,0.0004372596740722656
he_HumanEval/0,code,3,0,2,13,1,27469,5.555152893066406e-05,5.364418029785156e-07,0.009656652360515022,0.0004372596740722656
he_HumanEval/0,code,3,0,2,14,1,8140,4.756450653076172e-05,5.960464477539063e-08,0.0012531328320802004,0.0004372596740722656
he_HumanEval/0,code,3,0,2,15,2,29918,0.8291015625,0.998046875,1.0,0.01519775390625
he_HumanEval/0,code,3,0,2,16,2,29898,0.165771484375,0.00208282470703125,0.012564432989690722,0.01519775390625
he_HumanEval/0,code,3,0,2,17,2,10456,0.0009484291076660156,2.384185791015625e-07,0.00025138260432378077,0.01519775390625
he_HumanEval/0,code,3,0,2,18,2,23538,0.0007562637329101562,1.0728836059570312e-06,0.0014186633039092057,0.01519775390625
he_HumanEval/0,code,3,0,2,19,2,26889,0.0007443428039550781,8.344650268554688e-07,0.0011210762331838565,0.01519775390625
he_HumanEval/0,code,3,0,2,20,3,11291,0.1339111328125,0.08349609375,0.6235186873290793,2.98046875
he_HumanEval/0,code,3,0,2,21,3,5358,0.1209716796875,0.016571044921875,0.13698284561049445,2.98046875
he_HumanEval/0,code,3,0,2,22,3,275,0.11456298828125,0.047210693359375,0.41209376664890784,2.98046875
he_HumanEval/0,code,3,0,2,23,3,657,0.10675048828125,0.174072265625,1.0,2.98046875
he_HumanEval/0,code,3,0,2,24,3,18307,0.092041015625,0.0127105712890625,0.13809681697612733,2.98046875
he_HumanEval/0,code,3,0,2,25,4,29898,0.82080078125,0.7744140625,0.9434860202260559,0.537109375
he_HumanEval/0,code,3,0,2,26,4,29918,0.1719970703125,0.225341796875,1.0,0.537109375
he_HumanEval/0,code,3,0,2,27,4,10456,0.002613067626953125,2.3245811462402344e-06,0.0008895985401459854,0.537109375
he_HumanEval/0,code,3,0,2,28,4,7373,0.0018091201782226562,3.3795833587646484e-05,0.01868081180811808,0.537109375
he_HumanEval/0,code,3,0,2,29,4,7295,0.0010309219360351562,6.9141387939453125e-06,0.006706753006475485,0.537109375
he_HumanEval/0,code,3,0,3,30,5,5358,0.73291015625,0.57421875,0.7834776815456362,1.6171875
he_HumanEval/0,code,3,0,3,31,5,11291,0.153564453125,0.2841796875,1.0,1.6171875
he_HumanEval/0,code,3,0,3,32,5,2222,0.0085296630859375,0.0036640167236328125,0.42956171735241505,1.6171875
he_HumanEval/0,code,3,0,3,33,5,17642,0.0078887939453125,0.0004444122314453125,0.05633462282398453,1.6171875
he_HumanEval/0,code,3,0,3,34,5,262,0.007297515869140625,0.00957489013671875,1.0,1.6171875
he_HumanEval/0,code,3,0,3,35,6,29898,0.96044921875,0.951171875,0.9903406202338587,0.231689453125
he_HumanEval/0,code,3,0,3,36,6,29918,0.029449462890625,0.043792724609375,1.0,0.231689453125
he_HumanEval/0,code,3,0,3,37,6,10456,0.00557708740234375,2.3126602172851562e-05,0.00414671682626539,0.231689453125
he_HumanEval/0,code,3,0,3,38,6,7373,0.00185394287109375,0.000530242919921875,0.28600823045267487,0.231689453125
he_HumanEval/0,code,3,0,3,39,6,23538,0.00127410888671875,9.655952453613281e-05,0.07578592814371257,0.231689453125
he_HumanEval/0,code,3,0,3,40,7,29898,0.9072265625,0.385498046875,0.42491926803013996,0.7431640625
he_HumanEval/0,code,3,0,3,41,7,1762,0.034637451171875,0.6064453125,1.0,0.7431640625
he_HumanEval/0,code,3,0,3,42,7,2369,0.034088134765625,0.0016641616821289062,0.048819382273948074,0.7431640625
he_HumanEval/0,code,3,0,3,43,7,7373,0.005970001220703125,0.00022876262664794922,0.038318690095846646,0.7431640625
he_HumanEval/0,code,3,0,3,44,7,10456,0.00211334228515625,3.0994415283203125e-05,0.014666064981949459,0.7431640625
he_HumanEval/0,code,3,0,3,45,8,1037,0.330078125,0.0247955322265625,0.0751201923076923,0.85400390625
he_HumanEval/0,code,3,0,3,46,8,29918,0.2000732421875,0.78369140625,1.0,0.85400390625
he_HumanEval/0,code,3,0,3,47,8,11291,0.1397705078125,0.0007724761962890625,0.00552674672489083,0.85400390625
he_HumanEval/0,code,3,0,3,48,8,695,0.050201416015625,0.0002079010009765625,0.0041413373860182375,0.85400390625
he_HumanEval/0,code,3,0,3,49,8,3881,0.0306854248046875,0.0036563873291015625,0.11915713575335654,0.85400390625
he_HumanEval/0,code,3,0,3,50,9,261,0.4560546875,0.97021484375,1.0,0.2054443359375
he_HumanEval/0,code,3,0,3,51,9,10896,0.244140625,0.0017194747924804688,0.00704296875,0.2054443359375
he_HumanEval/0,code,3,0,3,52,9,300,0.0843505859375,0.0024623870849609375,0.029192293777134587,0.2054443359375
he_HumanEval/0,code,3,0,3,53,9,264,0.048065185546875,5.662441253662109e-06,0.00011780753968253968,0.2054443359375
he_HumanEval/0,code,3,0,3,54,9,406,0.045867919921875,0.0015172958374023438,0.03307967398536261,0.2054443359375
he_HumanEval/0,code,3,0,3,55,10,11291,0.57080078125,0.72412109375,1.0,1.03515625
he_HumanEval/0,code,3,0,3,56,10,19244,0.08221435546875,0.19189453125,1.0,1.03515625
he_HumanEval/0,code,3,0,3,57,10,5721,0.057830810546875,0.024017333984375,0.41530343007915566,1.03515625
he_HumanEval/0,code,3,0,3,58,10,5358,0.053070068359375,0.002452850341796875,0.04621909143185739,1.03515625
he_HumanEval/0,code,3,0,3,59,10,1195,0.0203094482421875,0.0094757080078125,0.46656649135987976,1.03515625
he_HumanEval/0,code,3,0,3,60,11,342,0.70361328125,0.44140625,0.6273421235253296,1.2255859375
he_HumanEval/0,code,3,0,3,61,11,300,0.06964111328125,0.0006685256958007812,0.00959958369851008,1.2255859375
he_HumanEval/0,code,3,0,3,62,11,261,0.042266845703125,0.001415252685546875,0.033483754512635376,1.2255859375
he_HumanEval/0,code,3,0,3,63,11,264,0.041595458984375,1.0967254638671875e-05,0.00026366471019809243,1.2255859375
he_HumanEval/0,code,4,0,1,0,-1,5349,0.1783447265625,0.00354766845703125,0.019892197125256673,1.123046875
he_HumanEval/0,code,4,0,1,1,-1,3198,0.1597900390625,0.00232696533203125,0.014562643239113828,1.123046875
he_HumanEval/0,code,4,0,1,2,-1,275,0.0992431640625,0.0004372596740722656,0.004405942496924969,1.123046875
he_HumanEval/0,code,4,0,1,3,-1,5358,0.08294677734375,9.417533874511719e-05,0.001135370676968359,1.123046875
he_HumanEval/0,code,4,0,1,4,-1,18307,0.058807373046875,0.0006070137023925781,0.01032206798131811,1.123046875
he_HumanEval/0,code,4,0,2,5,0,29918,0.9990234375,0.9970703125,0.9980449657869013,0.0278472900390625
he_HumanEval/0,code,4,0,2,6,0,11123,0.00037097930908203125,9.66191291809082e-05,0.26044344473007713,0.0278472900390625
he_HumanEval/0,code,4,0,2,7,0,5358,0.00010466575622558594,0.0008087158203125,1.0,0.0278472900390625
he_HumanEval/0,code,4,0,2,8,0,29898,9.161233901977539e-05,6.794929504394531e-06,0.0741704619388419,0.0278472900390625
he_HumanEval/0,code,4,0,2,9,0,1649,2.9742717742919922e-05,0.00017762184143066406,1.0,0.0278472900390625
he_HumanEval/0,code,4,0,2,10,1,29918,0.88134765625,0.95751953125,1.0,0.1998291015625
he_HumanEval/0,code,4,0,2,11,1,29898,0.11029052734375,0.0338134765625,0.30658550083010516,0.1998291015625
he_HumanEval/0,code,4,0,2,12,1,7295,0.0016231536865234375,7.933378219604492e-05,0.04887632197414806,0.1998291015625
he_HumanEval/0,code,4,0,2,13,1,261,0.0014667510986328125,5.84721565246582e-05,0.03986508452535761,0.1998291015625
he_HumanEval/0,code,4,0,2,14,1,29879,0.0009469985961914062,3.254413604736328e-05,0.034365558912386705,0.1998291015625
he_HumanEval/0,code,4,0,2,15,2,29918,0.9931640625,0.86376953125,0.8697148475909537,1.05078125
he_HumanEval/0,code,4,0,2,16,2,5358,0.004779815673828125,0.01053619384765625,1.0,1.05078125
he_HumanEval/0,code,4,0,2,17,2,11123,0.001190185546875,0.0015668869018554688,1.0,1.05078125
he_HumanEval/0,code,4,0,2,18,2,262,0.00016617774963378906,0.001308441162109375,1.0,1.05078125
he_HumanEval/0,code,4,0,2,19,2,11291,8.165836334228516e-05,0.0018453598022460938,1.0,1.05078125
he_HumanEval/0,code,4,0,2,20,3,29918,0.8193359375,0.9345703125,1.0,0.25439453125
he_HumanEval/0,code,4,0,2,21,3,29898,0.1744384765625,0.0008006095886230469,0.004589638733379986,0.25439453125
he_HumanEval/0,code,4,0,2,22,3,23538,0.0018491744995117188,3.6954879760742188e-06,0.001998452810727179,0.25439453125
he_HumanEval/0,code,4,0,2,23,3,7295,0.0006389617919921875,1.7881393432617188e-06,0.002798507462686567,0.25439453125
he_HumanEval/0,code,4,0,2,24,3,7373,0.0004787445068359375,6.556510925292969e-07,0.0013695219123505977,0.25439453125
he_HumanEval/0,code,4,0,2,25,4,29918,0.72998046875,0.27880859375,0.38193979933110367,0.685546875
he_HumanEval/0,code,4,0,2,26,4,29898,0.264404296875,0.701171875,1.0,0.685546875
he_HumanEval/0,code,4,0,2,27,4,10456,0.0020656585693359375,7.569789886474609e-06,0.003664589104339797,0.685546875
he_HumanEval/0,code,4,0,2,28,4,7295,0.00148773193359375,8.881092071533203e-06,0.005969551282051282,0.685546875
he_HumanEval/0,code,4,0,2,29,4,18868,0.0004067420959472656,4.112720489501953e-06,0.01011137162954279,0.685546875
he_HumanEval/0,code,4,0,3,30,5,5358,0.9189453125,0.99462890625,1.0,0.044891357421875
he_HumanEval/0,code,4,0,3,31,5,11291,0.059661865234375,0.0018758773803710938,0.031441815856777494,0.044891357421875
he_HumanEval/0,code,4,0,3,32,5,17642,0.0019025802612304688,2.0384788513183594e-05,0.010714285714285714,0.044891357421875
he_HumanEval/0,code,4,0,3,33,5,15603,0.0016536712646484375,0.00012767314910888672,0.07720588235294118,0.044891357421875
he_HumanEval/0,code,4,0,3,34,5,695,0.001110076904296875,4.76837158203125e-07,0.000429553264604811,0.044891357421875
he_HumanEval/0,code,4,0,3,35,6,18868,0.64892578125,0.97802734375,1.0,0.1611328125
he_HumanEval/0,code,4,0,3,36,6,2642,0.1494140625,0.0098114013671875,0.06566584967320262,0.1611328125
he_HumanEval/0,code,4,0,3,37,6,29923,0.08251953125,0.0011539459228515625,0.01398391272189349,0.1611328125
he_HumanEval/0,code,4,0,3,38,6,29898,0.06085205078125,0.0042877197265625,0.07046138415245737,0.1611328125
he_HumanEval/0,code,4,0,3,39,6,29478,0.004955291748046875,0.0003032684326171875,0.061200923787528866,0.1611328125
he_HumanEval/0,code,4,0,3,40,7,29898,0.440673828125,0.1756591796875,0.39861495844875344,0.98583984375
he_HumanEval/0,code,4,0,3,41,7,17664,0.302978515625,0.02935791015625,0.09689766317485898,0.98583984375
he_HumanEval/0,code,4,0,3,42,7,5029,0.0938720703125,0.015594482421875,0.16612483745123538,0.98583984375
he_HumanEval/0,code,4,0,3,43,7,20461,0.040374755859375,4.279613494873047e-05,0.0010599726001511716,0.98583984375
he_HumanEval/0,code,4,0,3,44,7,29918,0.037628173828125,0.023773193359375,0.6317923763179237,0.98583984375
he_HumanEval/0,code,4,0,3,45,8,29916,0.25830078125,0.017974853515625,0.06958884688090737,2.080078125
he_HumanEval/0,code,4,0,3,46,8,29876,0.15673828125,0.003948211669921875,0.02518983644859813,2.080078125
he_HumanEval/0,code,4,0,3,47,8,1949,0.12890625,0.04962158203125,0.3849431818181818,2.080078125
he_HumanEval/0,code,4,0,3,48,8,29874,0.11199951171875,0.1307373046875,1.0,2.080078125
he_HumanEval/0,code,4,0,3,49,8,20326,0.0648193359375,0.572265625,1.0,2.080078125
he_HumanEval/0,code,4,0,3,50,9,5358,0.86474609375,0.556640625,0.6437041219649915,1.9140625
he_HumanEval/0,code,4,0,3,51,9,11291,0.0243377685546875,0.0268707275390625,1.0,1.9140625
he_HumanEval/0,code,4,0,3,52,9,29898,0.01499176025390625,0.024658203125,1.0,1.9140625
he_HumanEval/0,code,4,0,3,53,9,7295,0.0056915283203125,0.0140533447265625,1.0,1.9140625
he_HumanEval/0,code,4,0,3,54,9,1896,0.005306243896484375,7.450580596923828e-06,0.001404115744069015,1.9140625
he_HumanEval/0,code,4,0,3,55,10,5358,0.326904296875,0.1846923828125,0.564973861090366,2.462890625
he_HumanEval/0,code,4,0,3,56,10,11291,0.132080078125,0.361572265625,1.0,2.462890625
he_HumanEval/0,code,4,0,3,57,10,1454,0.0706787109375,0.1416015625,1.0,2.462890625
he_HumanEval/0,code,4,0,3,58,10,17664,0.0618896484375,0.06793212890625,1.0,2.462890625
he_HumanEval/0,code,4,0,3,59,10,5029,0.043548583984375,0.01480865478515625,0.3400490539593553,2.462890625
he_HumanEval/0,code,4,0,3,60,11,1949,0.213134765625,0.2252197265625,1.0,1.462890625
he_HumanEval/0,code,4,0,3,61,11,29916,0.14990234375,0.0112152099609375,0.07481677524429968,1.462890625
he_HumanEval/0,code,4,0,3,62,11,29876,0.14990234375,0.0028362274169921875,0.018920500814332247,1.462890625
he_HumanEval/0,code,4,0,3,63,11,20326,0.10382080078125,0.6025390625,1.0,1.462890625
he_HumanEval/0,code,5,0,1,0,-1,29918,0.58642578125,4.982948303222656e-05,8.497150811823481e-05,0.007537841796875
he_HumanEval/0,code,5,0,1,1,-1,29898,0.1995849609375,0.0003027915954589844,0.0015171062691131498,0.007537841796875
he_HumanEval/0,code,5,0,1,2,-1,12035,0.1578369140625,0.9990234375,1.0,0.007537841796875
he_HumanEval/0,code,5,0,1,3,-1,23538,0.01198577880859375,5.245208740234375e-06,0.00043761935073201785,0.007537841796875
he_HumanEval/0,code,5,0,1,4,-1,284,0.00856781005859375,5.960464477539063e-08,6.956812110418522e-06,0.007537841796875
he_HumanEval/0,code,5,0,2,5,0,5358,0.1873779296875,0.0281829833984375,0.1504071661237785,5.14453125
he_HumanEval/0,code,5,0,2,6,0,11291,0.0885009765625,0.162109375,1.0,5.14453125
he_HumanEval/0,code,5,0,2,7,0,386,0.045562744140625,0.011474609375,0.25184192900200936,5.14453125
he_HumanEval/0,code,5,0,2,8,0,1761,0.03717041015625,0.00396728515625,0.10673234811165845,5.14453125
he_HumanEval/0,code,5,0,2,9,0,5721,0.036895751953125,0.004390716552734375,0.11900330851943755,5.14453125
he_HumanEval/0,code,5,0,2,10,1,20326,0.61083984375,0.98828125,1.0,0.10418701171875
he_HumanEval/0,code,5,0,2,11,1,20155,0.042572021484375,5.716085433959961e-05,0.0013426859318996416,0.10418701171875
he_HumanEval/0,code,5,0,2,12,1,1311,0.033935546875,0.00275421142578125,0.08116007194244604,0.10418701171875
he_HumanEval/0,code,5,0,2,13,1,677,0.033416748046875,8.344650268554688e-07,2.4971461187214613e-05,0.10418701171875
he_HumanEval/0,code,5,0,2,14,1,1949,0.031890869140625,0.0012712478637695312,0.03986244019138756,0.10418701171875
he_HumanEval/0,code,5,0,2,15,2,1311,0.818359375,0.86767578125,1.0,0.4365234375
he_HumanEval/0,code,5,0,2,16,2,20326,0.1142578125,0.126953125,1.0,0.4365234375
he_HumanEval/0,code,5,0,2,17,2,386,0.0218048095703125,0.00032973289489746094,0.01512202589223233,0.4365234375
he_HumanEval/0,code,5,0,2,18,2,13,0.00702667236328125,0.0001533031463623047,0.02181731813246471,0.4365234375
he_HumanEval/0,code,5,0,2,19,2,1949,0.006008148193359375,0.0009465217590332031,0.15753968253968254,0.4365234375
he_HumanEval/0,code,5,0,2,20,3,1311,0.3759765625,0.0217437744140625,0.05783279220779221,0.3466796875
he_HumanEval/0,code,5,0,2,21,3,20326,0.311767578125,0.9462890625,1.0,0.3466796875
he_HumanEval/0,code,5,0,2,22,3,20155,0.05718994140625,0.00013554096221923828,0.002370014007470651,0.3466796875
he_HumanEval/0,code,5,0,2,23,3,1949,0.035797119140625,0.0021877288818359375,0.06111466325660699,0.3466796875
he_HumanEval/0,code,5,0,2,24,3,29916,0.0272369384765625,3.141164779663086e-05,0.0011532738095238095,0.3466796875
he_HumanEval/0,code,5,0,2,25,4,675,0.65771484375,0.216796875,0.32962138084632514,1.337890625
he_HumanEval/0,code,5,0,2,26,4,29918,0.166259765625,0.04107666015625,0.24706314243759178,1.337890625
he_HumanEval/0,code,5,0,2,27,4,1891,0.07855224609375,0.0034770965576171875,0.044264763014763016,1.337890625
he_HumanEval/0,code,5,0,2,28,4,3950,0.047637939453125,0.63720703125,1.0,1.337890625
he_HumanEval/0,code,5,0,2,29,4,895,0.03173828125,0.01096343994140625,0.3454326923076923,1.337890625
he_HumanEval/0,code,5,0,3,30,5,29918,0.71240234375,0.83642578125,1.0,0.57275390625
he_HumanEval/0,code,5,0,3,31,5,29898,0.279052734375,0.0731201171875,0.26202974628171477,0.57275390625
he_HumanEval/0,code,5,0,3,32,5,7295,0.0037097930908203125,9.930133819580078e-05,0.026767352185089976,0.57275390625
he_HumanEval/0,code,5,0,3,33,5,10456,0.001312255859375,2.6226043701171875e-06,0.001998546511627907,0.57275390625
he_HumanEval/0,code,5,0,3,34,5,7373,0.0007834434509277344,3.0994415283203125e-05,0.03956177723676202,0.57275390625
he_HumanEval/0,code,5,0,3,35,6,342,0.623046875,0.57666015625,0.9255485893416928,1.08984375
he_HumanEval/0,code,5,0,3,36,6,261,0.157470703125,0.318359375,1.0,1.08984375
he_HumanEval/0,code,5,0,3,37,6,18543,0.08428955078125,0.05279541015625,0.6263577118030412,1.08984375
he_HumanEval/0,code,5,0,3,38,6,267,0.054443359375,0.031036376953125,0.570067264573991,1.08984375
he_HumanEval/0,code,5,0,3,39,6,414,0.0213165283203125,3.2067298889160156e-05,0.0015043396564065855,1.08984375
he_HumanEval/0,code,5,0,3,40,7,12268,0.9501953125,0.91845703125,0.9665981500513875,0.29248046875
he_HumanEval/0,code,5,0,3,41,7,3781,0.04046630859375,0.08026123046875,1.0,0.29248046875
he_HumanEval/0,code,5,0,3,42,7,690,0.0029544830322265625,4.011392593383789e-05,0.013577307940606843,0.29248046875
he_HumanEval/0,code,5,0,3,43,7,29878,0.0023021697998046875,0.00014662742614746094,0.06369096934548467,0.29248046875
he_HumanEval/0,code,5,0,3,44,7,29898,0.0008463859558105469,0.0005755424499511719,0.68,0.29248046875
he_HumanEval/0,code,5,0,3,45,8,29898,0.716796875,0.91845703125,1.0,0.36181640625
he_HumanEval/0,code,5,0,3,46,8,29918,0.205322265625,0.0281829833984375,0.13726218787158145,0.36181640625
he_HumanEval/0,code,5,0,3,47,8,7295,0.06878662109375,0.00039577484130859375,0.0057536601597160605,0.36181640625
he_HumanEval/0,code,5,0,3,48,8,10456,0.003704071044921875,1.2218952178955078e-05,0.0032987899073120496,0.36181640625
he_HumanEval/0,code,5,0,3,49,8,7373,0.002391815185546875,4.798173904418945e-05,0.02006080542264753,0.36181640625
he_HumanEval/0,code,5,0,3,50,9,2925,0.54150390625,0.92822265625,1.0,0.298095703125
he_HumanEval/0,code,5,0,3,51,9,29898,0.3720703125,0.06414794921875,0.17240813648293962,0.298095703125
he_HumanEval/0,code,5,0,3,52,9,29918,0.06671142578125,0.0012912750244140625,0.01935612991765782,0.298095703125
he_HumanEval/0,code,5,0,3,53,9,7295,0.0030002593994140625,1.728534698486328e-05,0.00576128417037508,0.298095703125
he_HumanEval/0,code,5,0,3,54,9,10456,0.0027751922607421875,9.119510650634766e-06,0.003286082474226804,0.298095703125
he_HumanEval/0,code,5,0,3,55,10,29901,0.53955078125,0.7626953125,1.0,0.646484375
he_HumanEval/0,code,5,0,3,56,10,29892,0.343017578125,0.0309906005859375,0.09034697508896797,0.646484375
he_HumanEval/0,code,5,0,3,57,10,1125,0.1046142578125,0.205322265625,1.0,0.646484375
he_HumanEval/0,code,5,0,3,58,10,29922,0.005542755126953125,2.396106719970703e-05,0.004322952512044047,0.646484375
he_HumanEval/0,code,5,0,3,59,10,29918,0.004741668701171875,0.000438690185546875,0.0925181013676589,0.646484375
he_HumanEval/0,code,5,0,3,60,11,29901,0.395751953125,0.210205078125,0.5311536088834053,0.65869140625
he_HumanEval/0,code,5,0,3,61,11,29892,0.354736328125,0.03173828125,0.08947006194081211,0.65869140625
he_HumanEval/0,code,5,0,3,62,11,1125,0.2401123046875,0.7568359375,1.0,0.65869140625
he_HumanEval/0,code,5,0,3,63,11,29896,0.0027942657470703125,7.051229476928711e-05,0.025234641638225256,0.65869140625
he_HumanEval/0,code,6,0,1,0,-1,1311,0.818359375,0.86767578125,1.0,0.4365234375
he_HumanEval/0,code,6,0,1,1,-1,20326,0.1142578125,0.126953125,1.0,0.4365234375
he_HumanEval/0,code,6,0,1,2,-1,386,0.0218048095703125,0.00032973289489746094,0.01512202589223233,0.4365234375
he_HumanEval/0,code,6,0,1,3,-1,13,0.00702667236328125,0.0001533031463623047,0.02181731813246471,0.4365234375
he_HumanEval/0,code,6,0,1,4,-1,1949,0.006008148193359375,0.0009465217590332031,0.15753968253968254,0.4365234375
he_HumanEval/0,code,6,0,2,5,0,29892,0.8486328125,0.98828125,1.0,0.06427001953125
he_HumanEval/0,code,6,0,2,6,0,1125,0.13427734375,0.0111541748046875,0.08306818181818182,0.06427001953125
he_HumanEval/0,code,6,0,2,7,0,29897,0.0160369873046875,0.00027060508728027344,0.016873810656517604,0.06427001953125
he_HumanEval/0,code,6,0,2,8,0,29901,0.000621795654296875,2.0384788513183594e-05,0.03278374233128834,0.06427001953125
he_HumanEval/0,code,6,0,2,9,0,29922,2.9325485229492188e-05,0.0,0.0,0.06427001953125
he_HumanEval/0,code,6,0,2,10,1,29901,0.6533203125,0.783203125,1.0,0.66162109375
he_HumanEval/0,code,6,0,2,11,1,29892,0.3037109375,0.051666259765625,0.17011655948553053,0.66162109375
he_HumanEval/0,code,6,0,2,12,1,1125,0.03253173828125,0.16162109375,1.0,0.66162109375
he_HumanEval/0,code,6,0,2,13,1,29922,0.004611968994140625,0.0001983642578125,0.043010752688172046,0.66162109375
he_HumanEval/0,code,6,0,2,14,1,29918,0.0041656494140625,0.0010471343994140625,0.25137362637362637,0.66162109375
he_HumanEval/0,code,6,0,2,15,2,12268,0.98876953125,0.91943359375,0.9298765432098766,0.29638671875
he_HumanEval/0,code,6,0,2,16,2,3781,0.00778961181640625,0.077880859375,1.0,0.29638671875
he_HumanEval/0,code,6,0,2,17,2,29878,0.0012712478637695312,1.0967254638671875e-05,0.0086271567891973,0.29638671875
he_HumanEval/0,code,6,0,2,18,2,690,0.0009522438049316406,1.7523765563964844e-05,0.018402603905858787,0.29638671875
he_HumanEval/0,code,6,0,2,19,2,1125,0.00044989585876464844,0.0009136199951171875,1.0,0.29638671875
he_HumanEval/0,code,6,0,2,20,3,4706,0.85888671875,0.94921875,1.0,0.293212890625
he_HumanEval/0,code,6,0,2,21,3,9651,0.1402587890625,0.006397247314453125,0.045610313315926895,0.293212890625
he_HumanEval/0,code,6,0,2,22,3,1678,0.00018322467803955078,0.03173828125,1.0,0.293212890625
he_HumanEval/0,code,6,0,2,23,3,308,0.00017893314361572266,0.0006384849548339844,1.0,0.293212890625
he_HumanEval/0,code,6,0,2,24,3,18884,7.230043411254883e-05,0.0001684427261352539,1.0,0.293212890625
he_HumanEval/0,code,6,0,2,25,4,29896,0.62548828125,0.007808685302734375,0.01248414324746292,0.1474609375
he_HumanEval/0,code,6,0,2,26,4,29901,0.10369873046875,0.0015020370483398438,0.014484623307828135,0.1474609375
he_HumanEval/0,code,6,0,2,27,4,29879,0.10052490234375,0.97607421875,1.0,0.1474609375
he_HumanEval/0,code,6,0,2,28,4,29892,0.062408447265625,0.00010222196578979492,0.001637950794621027,0.1474609375
he_HumanEval/0,code,6,0,2,29,4,29918,0.056396484375,0.011016845703125,0.19534632034632035,0.1474609375
he_HumanEval/0,code,6,0,3,30,5,3694,0.7216796875,0.89306640625,1.0,0.385986328125
he_HumanEval/0,code,6,0,3,31,5,954,0.03564453125,0.0017375946044921875,0.0487478595890411,0.385986328125
he_HumanEval/0,code,6,0,3,32,5,3161,0.024322509765625,7.230043411254883e-05,0.002972572929736512,0.385986328125
he_HumanEval/0,code,6,0,3,33,5,1051,0.0226593017578125,0.000629425048828125,0.027777777777777776,0.385986328125
he_HumanEval/0,code,6,0,3,34,5,921,0.0211334228515625,1.4483928680419922e-05,0.0006853564981949458,0.385986328125
he_HumanEval/0,code,6,0,3,35,6,13,0.99169921875,0.99951171875,1.0,0.003437042236328125
he_HumanEval/0,code,6,0,3,36,6,29871,0.00580596923828125,0.00013554096221923828,0.023345105124835744,0.003437042236328125
he_HumanEval/0,code,6,0,3,37,6,1209,0.0006718635559082031,4.792213439941406e-05,0.07132718239886444,0.003437042236328125
he_HumanEval/0,code,6,0,3,38,6,2,0.0005612373352050781,2.682209014892578e-06,0.0047790994052676295,0.003437042236328125
he_HumanEval/0,code,6,0,3,39,6,1583,0.00038886070251464844,2.1457672119140625e-06,0.005518087063151441,0.003437042236328125
he_HumanEval/0,code,6,0,3,40,7,1599,0.99755859375,0.98876953125,0.9911894273127754,0.08734130859375
he_HumanEval/0,code,6,0,3,41,7,13,0.001739501953125,0.004337310791015625,1.0,0.08734130859375
he_HumanEval/0,code,6,0,3,42,7,320,0.0001531839370727539,4.589557647705078e-06,0.029961089494163425,0.08734130859375
he_HumanEval/0,code,6,0,3,43,7,584,0.00012600421905517578,0.003566741943359375,1.0,0.08734130859375
he_HumanEval/0,code,6,0,3,44,7,6660,8.529424667358398e-05,6.318092346191406e-06,0.07407407407407407,0.08734130859375
he_HumanEval/0,code,6,0,3,45,8,2391,0.35888671875,0.365234375,1.0,2.55859375
he_HumanEval/0,code,6,0,3,46,8,1583,0.10693359375,7.402896881103516e-05,0.0006922891695205479,2.55859375
he_HumanEval/0,code,6,0,3,47,8,5785,0.069580078125,0.204833984375,1.0,2.55859375
he_HumanEval/0,code,6,0,3,48,8,1203,0.0618896484375,0.01146697998046875,0.18528106508875739,2.55859375
he_HumanEval/0,code,6,0,3,49,8,6213,0.05377197265625,0.057769775390625,1.0,2.55859375
he_HumanEval/0,code,6,0,3,50,9,8516,0.6591796875,0.67626953125,1.0,1.431640625
he_HumanEval/0,code,6,0,3,51,9,5349,0.1370849609375,0.00033926963806152344,0.002474885908281389,1.431640625
he_HumanEval/0,code,6,0,3,52,9,2636,0.052032470703125,0.005123138427734375,0.09846041055718475,1.431640625
he_HumanEval/0,code,6,0,3,53,9,2892,0.03155517578125,0.0079345703125,0.2514506769825919,1.431640625
he_HumanEval/0,code,6,0,3,54,9,29900,0.01514434814453125,0.00301361083984375,0.19899244332493704,1.431640625
he_HumanEval/0,code,6,0,3,55,10,2391,0.99267578125,0.99951171875,1.0,0.006072998046875
he_HumanEval/0,code,6,0,3,56,10,1051,0.002559661865234375,1.6570091247558594e-05,0.00647354694485842,0.006072998046875
he_HumanEval/0,code,6,0,3,57,10,20504,0.0008912086486816406,1.1146068572998047e-05,0.012506688068485821,0.006072998046875
he_HumanEval/0,code,6,0,3,58,10,7761,0.0005664825439453125,6.556510925292969e-07,0.0011574074074074073,0.006072998046875
he_HumanEval/0,code,6,0,3,59,10,28379,0.0004661083221435547,6.9141387939453125e-06,0.014833759590792838,0.006072998046875
he_HumanEval/0,code,6,0,3,60,11,16897,0.98876953125,0.9931640625,1.0,0.06402587890625
he_HumanEval/0,code,6,0,3,61,11,266,0.00226593017578125,0.00044155120849609375,0.19486531986531985,0.06402587890625
he_HumanEval/0,code,6,0,3,62,11,3802,0.0005640983581542969,6.556510925292969e-07,0.001162299239222316,0.06402587890625
he_HumanEval/0,code,6,0,3,63,11,302,0.0005135536193847656,0.0004379749298095703,0.8528319405756731,0.06402587890625
he_HumanEval/0,code,7,0,1,0,-1,29892,0.8486328125,0.98828125,1.0,0.06427001953125
he_HumanEval/0,code,7,0,1,1,-1,1125,0.13427734375,0.0111541748046875,0.08306818181818182,0.06427001953125
he_HumanEval/0,code,7,0,1,2,-1,29897,0.0160369873046875,0.00027060508728027344,0.016873810656517604,0.06427001953125
he_HumanEval/0,code,7,0,1,3,-1,29901,0.000621795654296875,2.0384788513183594e-05,0.03278374233128834,0.06427001953125
he_HumanEval/0,code,7,0,1,4,-1,29922,2.9325485229492188e-05,0.0,0.0,0.06427001953125
he_HumanEval/0,code,7,0,2,5,0,3694,0.7216796875,0.89306640625,1.0,0.385986328125
he_HumanEval/0,code,7,0,2,6,0,954,0.03564453125,0.0017375946044921875,0.0487478595890411,0.385986328125
he_HumanEval/0,code,7,0,2,7,0,3161,0.024322509765625,7.230043411254883e-05,0.002972572929736512,0.385986328125
he_HumanEval/0,code,7,0,2,8,0,1051,0.0226593017578125,0.000629425048828125,0.027777777777777776,0.385986328125
he_HumanEval/0,code,7,0,2,9,0,921,0.0211334228515625,1.4483928680419922e-05,0.0006853564981949458,0.385986328125
he_HumanEval/0,code,7,0,2,10,1,13,0.99169921875,0.99951171875,1.0,0.003437042236328125
he_HumanEval/0,code,7,0,2,11,1,29871,0.00580596923828125,0.00013554096221923828,0.023345105124835744,0.003437042236328125
he_HumanEval/0,code,7,0,2,12,1,1209,0.0006718635559082031,4.792213439941406e-05,0.07132718239886444,0.003437042236328125
he_HumanEval/0,code,7,0,2,13,1,2,0.0005612373352050781,2.682209014892578e-06,0.0047790994052676295,0.003437042236328125
he_HumanEval/0,code,7,0,2,14,1,1583,0.00038886070251464844,2.1457672119140625e-06,0.005518087063151441,0.003437042236328125
he_HumanEval/0,code,7,0,2,15,2,1599,0.99755859375,0.98876953125,0.9911894273127754,0.08734130859375
he_HumanEval/0,code,7,0,2,16,2,13,0.001739501953125,0.004337310791015625,1.0,0.08734130859375
he_HumanEval/0,code,7,0,2,17,2,320,0.0001531839370727539,4.589557647705078e-06,0.029961089494163425,0.08734130859375
he_HumanEval/0,code,7,0,2,18,2,584,0.00012600421905517578,0.003566741943359375,1.0,0.08734130859375
he_HumanEval/0,code,7,0,2,19,2,6660,8.529424667358398e-05,6.318092346191406e-06,0.07407407407407407,0.08734130859375
he_HumanEval/0,code,7,0,2,20,3,2391,0.35888671875,0.365234375,1.0,2.55859375
he_HumanEval/0,code,7,0,2,21,3,1583,0.10693359375,7.402896881103516e-05,0.0006922891695205479,2.55859375
he_HumanEval/0,code,7,0,2,22,3,5785,0.069580078125,0.204833984375,1.0,2.55859375
he_HumanEval/0,code,7,0,2,23,3,1203,0.0618896484375,0.01146697998046875,0.18528106508875739,2.55859375
he_HumanEval/0,code,7,0,2,24,3,6213,0.05377197265625,0.057769775390625,1.0,2.55859375
he_HumanEval/0,code,7,0,2,25,4,8516,0.6591796875,0.67626953125,1.0,1.431640625
he_HumanEval/0,code,7,0,2,26,4,5349,0.1370849609375,0.00033926963806152344,0.002474885908281389,1.431640625
he_HumanEval/0,code,7,0,2,27,4,2636,0.052032470703125,0.005123138427734375,0.09846041055718475,1.431640625
he_HumanEval/0,code,7,0,2,28,4,2892,0.03155517578125,0.0079345703125,0.2514506769825919,1.431640625
he_HumanEval/0,code,7,0,2,29,4,29900,0.01514434814453125,0.00301361083984375,0.19899244332493704,1.431640625
he_HumanEval/0,code,7,0,3,30,5,29901,0.8359375,0.94580078125,1.0,0.23974609375
he_HumanEval/0,code,7,0,3,31,5,29892,0.12042236328125,0.042877197265625,0.3560567663456665,0.23974609375
he_HumanEval/0,code,7,0,3,32,5,1125,0.03558349609375,0.01067352294921875,0.29995711835334476,0.23974609375
he_HumanEval/0,code,7,0,3,33,5,29922,0.0039005279541015625,0.00012624263763427734,0.03236552567237164,0.23974609375
he_HumanEval/0,code,7,0,3,34,5,29918,0.002765655517578125,0.0001571178436279297,0.05681034482758621,0.23974609375
he_HumanEval/0,code,7,0,3,35,6,29879,0.60400390625,0.5556640625,0.919967663702506,0.86474609375
he_HumanEval/0,code,7,0,3,36,6,29896,0.1961669921875,0.0014314651489257812,0.007297176415681394,0.86474609375
he_HumanEval/0,code,7,0,3,37,6,29918,0.10174560546875,0.400146484375,1.0,0.86474609375
he_HumanEval/0,code,7,0,3,38,6,29901,0.054046630859375,0.037811279296875,0.6996047430830039,0.86474609375
he_HumanEval/0,code,7,0,3,39,6,1125,0.0192718505859375,0.0008029937744140625,0.041666666666666664,0.86474609375
he_HumanEval/0,code,7,0,3,40,7,29901,0.8740234375,0.9765625,1.0,0.12060546875
he_HumanEval/0,code,7,0,3,41,7,1125,0.06329345703125,0.021240234375,0.3355834136933462,0.12060546875
he_HumanEval/0,code,7,0,3,42,7,29892,0.051666259765625,0.0020694732666015625,0.040054636739515655,0.12060546875
he_HumanEval/0,code,7,0,3,43,7,29918,0.005573272705078125,4.947185516357422e-05,0.008876625598904859,0.12060546875
he_HumanEval/0,code,7,0,3,44,7,29922,0.002269744873046875,5.4717063903808594e-05,0.024107142857142858,0.12060546875
he_HumanEval/0,code,7,0,3,45,8,29918,0.6982421875,0.32373046875,0.4636363636363636,1.3583984375
he_HumanEval/0,code,7,0,3,46,8,29901,0.1375732421875,0.4091796875,1.0,1.3583984375
he_HumanEval/0,code,7,0,3,47,8,29896,0.068603515625,0.0009379386901855469,0.013671875,1.3583984375
he_HumanEval/0,code,7,0,3,48,8,1125,0.0406494140625,0.11541748046875,1.0,1.3583984375
he_HumanEval/0,code,7,0,3,49,8,29892,0.03021240234375,0.1348876953125,1.0,1.3583984375
he_HumanEval/0,code,7,0,3,50,9,29901,0.39111328125,0.7978515625,1.0,0.69140625
he_HumanEval/0,code,7,0,3,51,9,29892,0.2646484375,0.07421875,0.28044280442804426,0.69140625
he_HumanEval/0,code,7,0,3,52,9,29896,0.1300048828125,0.00016367435455322266,0.0012589862089201877,0.69140625
he_HumanEval/0,code,7,0,3,53,9,1125,0.09075927734375,0.1204833984375,1.0,0.69140625
he_HumanEval/0,code,7,0,3,54,9,29918,0.0452880859375,0.0009417533874511719,0.02079472708894879,0.69140625
he_HumanEval/0,code,7,0,3,55,10,4706,0.9970703125,0.98095703125,0.9838393731635652,0.114990234375
he_HumanEval/0,code,7,0,3,56,10,13,0.0023956298828125,0.01421356201171875,1.0,0.114990234375
he_HumanEval/0,code,7,0,3,57,10,1678,0.00011205673217773438,0.0007357597351074219,1.0,0.114990234375
he_HumanEval/0,code,7,0,3,58,10,308,0.00011205673217773438,0.0014982223510742188,1.0,0.114990234375
he_HumanEval/0,code,7,0,3,59,10,9651,5.459785461425781e-05,0.0004825592041015625,1.0,0.114990234375
he_HumanEval/0,code,7,0,3,60,11,396,0.998046875,0.99072265625,0.9926614481409002,0.069580078125
he_HumanEval/0,code,7,0,3,61,11,13,0.001560211181640625,0.000896453857421875,0.5745721271393643,0.069580078125
he_HumanEval/0,code,7,0,3,62,11,444,0.00023925304412841797,4.887580871582031e-06,0.02042850024912805,0.069580078125
he_HumanEval/0,code,7,0,3,63,11,849,8.398294448852539e-05,6.651878356933594e-05,0.7920511000709723,0.069580078125
he_HumanEval/0,code,8,0,1,0,-1,3694,0.7216796875,0.89306640625,1.0,0.385986328125
he_HumanEval/0,code,8,0,1,1,-1,954,0.03564453125,0.0017375946044921875,0.0487478595890411,0.385986328125
he_HumanEval/0,code,8,0,1,2,-1,3161,0.024322509765625,7.230043411254883e-05,0.002972572929736512,0.385986328125
he_HumanEval/0,code,8,0,1,3,-1,1051,0.0226593017578125,0.000629425048828125,0.027777777777777776,0.385986328125
he_HumanEval/0,code,8,0,1,4,-1,921,0.0211334228515625,1.4483928680419922e-05,0.0006853564981949458,0.385986328125
he_HumanEval/0,code,8,0,2,5,0,29901,0.8359375,0.94580078125,1.0,0.23974609375
he_HumanEval/0,code,8,0,2,6,0,29892,0.12042236328125,0.042877197265625,0.3560567663456665,0.23974609375
he_HumanEval/0,code,8,0,2,7,0,1125,0.03558349609375,0.01067352294921875,0.29995711835334476,0.23974609375
he_HumanEval/0,code,8,0,2,8,0,29922,0.0039005279541015625,0.00012624263763427734,0.03236552567237164,0.23974609375
he_HumanEval/0,code,8,0,2,9,0,29918,0.002765655517578125,0.0001571178436279297,0.05681034482758621,0.23974609375
he_HumanEval/0,code,8,0,2,10,1,29879,0.60400390625,0.5556640625,0.919967663702506,0.86474609375
he_HumanEval/0,code,8,0,2,11,1,29896,0.1961669921875,0.0014314651489257812,0.007297176415681394,0.86474609375
he_HumanEval/0,code,8,0,2,12,1,29918,0.10174560546875,0.400146484375,1.0,0.86474609375
he_HumanEval/0,code,8,0,2,13,1,29901,0.054046630859375,0.037811279296875,0.6996047430830039,0.86474609375
he_HumanEval/0,code,8,0,2,14,1,1125,0.0192718505859375,0.0008029937744140625,0.041666666666666664,0.86474609375
he_HumanEval/0,code,8,0,2,15,2,29901,0.8740234375,0.9765625,1.0,0.12060546875
he_HumanEval/0,code,8,0,2,16,2,1125,0.06329345703125,0.021240234375,0.3355834136933462,0.12060546875
he_HumanEval/0,code,8,0,2,17,2,29892,0.051666259765625,0.0020694732666015625,0.040054636739515655,0.12060546875
he_HumanEval/0,code,8,0,2,18,2,29918,0.005573272705078125,4.947185516357422e-05,0.008876625598904859,0.12060546875
he_HumanEval/0,code,8,0,2,19,2,29922,0.002269744873046875,5.4717063903808594e-05,0.024107142857142858,0.12060546875
he_HumanEval/0,code,8,0,2,20,3,29918,0.6982421875,0.32373046875,0.4636363636363636,1.3583984375
he_HumanEval/0,code,8,0,2,21,3,29901,0.1375732421875,0.4091796875,1.0,1.3583984375
he_HumanEval/0,code,8,0,2,22,3,29896,0.068603515625,0.0009379386901855469,0.013671875,1.3583984375
he_HumanEval/0,code,8,0,2,23,3,1125,0.0406494140625,0.11541748046875,1.0,1.3583984375
he_HumanEval/0,code,8,0,2,24,3,29892,0.03021240234375,0.1348876953125,1.0,1.3583984375
he_HumanEval/0,code,8,0,2,25,4,29901,0.39111328125,0.7978515625,1.0,0.69140625
he_HumanEval/0,code,8,0,2,26,4,29892,0.2646484375,0.07421875,0.28044280442804426,0.69140625
he_HumanEval/0,code,8,0,2,27,4,29896,0.1300048828125,0.00016367435455322266,0.0012589862089201877,0.69140625
he_HumanEval/0,code,8,0,2,28,4,1125,0.09075927734375,0.1204833984375,1.0,0.69140625
he_HumanEval/0,code,8,0,2,29,4,29918,0.0452880859375,0.0009417533874511719,0.02079472708894879,0.69140625
he_HumanEval/0,code,8,0,3,30,5,2391,0.990234375,0.99951171875,1.0,0.00402069091796875
he_HumanEval/0,code,8,0,3,31,5,1051,0.004077911376953125,1.6033649444580078e-05,0.003931828811973808,0.00402069091796875
he_HumanEval/0,code,8,0,3,32,5,20504,0.001781463623046875,2.384185791015625e-06,0.0013383297644539614,0.00402069091796875
he_HumanEval/0,code,8,0,3,33,5,7761,0.0005741119384765625,2.384185791015625e-07,0.0004152823920265781,0.00402069091796875
he_HumanEval/0,code,8,0,3,34,5,922,0.0005517005920410156,1.8477439880371094e-06,0.003349178910976664,0.00402069091796875
he_HumanEval/0,code,8,0,3,35,6,16897,0.98876953125,1.0,1.0,0.0010890960693359375
he_HumanEval/0,code,8,0,3,36,6,266,0.002735137939453125,1.806020736694336e-05,0.006603033472803347,0.0010890960693359375
he_HumanEval/0,code,8,0,3,37,6,903,0.0005774497985839844,2.4437904357910156e-06,0.004232039636663914,0.0010890960693359375
he_HumanEval/0,code,8,0,3,38,6,4236,0.0004360675811767578,7.152557373046875e-07,0.0016402405686167304,0.0010890960693359375
he_HumanEval/0,code,8,0,3,39,6,3646,0.00039076805114746094,1.1920928955078125e-07,0.0003050640634533252,0.0010890960693359375
he_HumanEval/0,code,8,0,3,40,7,13,0.98388671875,1.0,1.0,0.0018606185913085938
he_HumanEval/0,code,8,0,3,41,7,1583,0.006732940673828125,1.996755599975586e-05,0.0029656515580736543,0.0018606185913085938
he_HumanEval/0,code,8,0,3,42,7,29871,0.0027008056640625,2.9742717742919922e-05,0.011012535310734463,0.0018606185913085938
he_HumanEval/0,code,8,0,3,43,7,1209,0.00202178955078125,9.715557098388672e-06,0.004805424528301887,0.0018606185913085938
he_HumanEval/0,code,8,0,3,44,7,3694,0.0013360977172851562,0.0,0.0,0.0018606185913085938
he_HumanEval/0,code,8,0,3,45,8,8516,0.8837890625,0.78173828125,0.8845303867403315,0.79150390625
he_HumanEval/0,code,8,0,3,46,8,2636,0.05389404296875,0.131591796875,1.0,0.79150390625
he_HumanEval/0,code,8,0,3,47,8,1761,0.046844482421875,0.0128326416015625,0.2739413680781759,0.79150390625
he_HumanEval/0,code,8,0,3,48,8,3285,0.00820159912109375,0.00560760498046875,0.6837209302325581,0.79150390625
he_HumanEval/0,code,8,0,3,49,8,29900,0.000942230224609375,1.0073184967041016e-05,0.01069078947368421,0.79150390625
he_HumanEval/0,code,8,0,3,50,9,1761,0.6220703125,0.93408203125,1.0,0.393310546875
he_HumanEval/0,code,8,0,3,51,9,517,0.059234619140625,0.0200042724609375,0.3377125193199382,0.393310546875
he_HumanEval/0,code,8,0,3,52,9,262,0.0556640625,0.0003108978271484375,0.005585252192982456,0.393310546875
he_HumanEval/0,code,8,0,3,53,9,20155,0.047607421875,0.0027923583984375,0.058653846153846154,0.393310546875
he_HumanEval/0,code,8,0,3,54,9,29896,0.02508544921875,2.7894973754882812e-05,0.0011119981751824817,0.393310546875
he_HumanEval/0,code,8,0,3,55,10,29901,0.84326171875,0.9208984375,1.0,0.337158203125
he_HumanEval/0,code,8,0,3,56,10,1125,0.08477783203125,0.0188140869140625,0.22192224622030238,0.337158203125
he_HumanEval/0,code,8,0,3,57,10,29892,0.0592041015625,0.05706787109375,0.9639175257731959,0.337158203125
he_HumanEval/0,code,8,0,3,58,10,29896,0.004425048828125,2.658367156982422e-05,0.006007543103448276,0.337158203125
he_HumanEval/0,code,8,0,3,59,10,29918,0.0037841796875,0.0023365020751953125,0.6174395161290323,0.337158203125
he_HumanEval/0,code,8,0,3,60,11,29892,0.62255859375,0.5380859375,0.864313725490196,0.70263671875
he_HumanEval/0,code,8,0,3,61,11,29901,0.365966796875,0.46044921875,1.0,0.70263671875
he_HumanEval/0,code,8,0,3,62,11,29922,0.005916595458984375,0.0003590583801269531,0.060686653771760156,0.70263671875
he_HumanEval/0,code,8,0,3,63,11,29918,0.0032405853271484375,0.0001819133758544922,0.056135962330782815,0.70263671875
